<?xml version="1.0" encoding="UTF-8"?>
<GenRun Id="synth_1" LaunchPart="xc7a35tcpg236-1" LaunchTime="1668439858">
  <File Type="PA-TCL" Name="top_baxys.tcl"/>
  <File Type="RDS-PROPCONSTRS" Name="top_baxys_drc_synth.rpt"/>
  <File Type="REPORTS-TCL" Name="top_baxys_reports.tcl"/>
  <File Type="RDS-RDS" Name="top_baxys.vds"/>
  <File Type="RDS-UTIL" Name="top_baxys_utilization_synth.rpt"/>
  <File Type="RDS-UTIL-PB" Name="top_baxys_utilization_synth.pb"/>
  <File Type="RDS-DCP" Name="top_baxys.dcp"/>
  <File Type="VDS-TIMINGSUMMARY" Name="top_baxys_timing_summary_synth.rpt"/>
  <File Type="VDS-TIMING-PB" Name="top_baxys_timing_summary_synth.pb"/>
  <FileSet Name="sources" Type="DesignSrcs" RelSrcDir="$PSRCDIR/sources_1" RelGenDir="$PGENDIR/sources_1">
    <Filter Type="Srcs"/>
    <File Path="$PSRCDIR/sources_1/imports/Sources_Debut_TP_2021/VHDL/ADXL362Ctrl.vhd">
      <FileInfo>
        <Attr Name="ImportPath" Val="$PPRDIR/../../Downloads/Sources_Debut_TP_2021/VHDL/ADXL362Ctrl.vhd"/>
        <Attr Name="ImportTime" Val="1470229156"/>
        <Attr Name="UsedIn" Val="synthesis"/>
        <Attr Name="UsedIn" Val="simulation"/>
      </FileInfo>
    </File>
    <File Path="$PSRCDIR/sources_1/imports/Sources_Debut_TP_2021/VHDL/ClkAcc.vhd">
      <FileInfo>
        <Attr Name="ImportPath" Val="$PPRDIR/../../Downloads/Sources_Debut_TP_2021/VHDL/ClkAcc.vhd"/>
        <Attr Name="ImportTime" Val="1481472530"/>
        <Attr Name="UsedIn" Val="synthesis"/>
        <Attr Name="UsedIn" Val="simulation"/>
      </FileInfo>
    </File>
    <File Path="$PSRCDIR/sources_1/imports/new/MAE.vhd">
      <FileInfo>
        <Attr Name="ImportPath" Val="$PPRDIR/../tache_1/tache_1.srcs/sources_1/new/MAE.vhd"/>
        <Attr Name="ImportTime" Val="1667825357"/>
        <Attr Name="UsedIn" Val="synthesis"/>
        <Attr Name="UsedIn" Val="simulation"/>
      </FileInfo>
    </File>
    <File Path="$PSRCDIR/sources_1/imports/new/compteur_5b.vhd">
      <FileInfo>
        <Attr Name="ImportPath" Val="$PPRDIR/../tache_1/tache_1.srcs/sources_1/new/compteur_5b.vhd"/>
        <Attr Name="ImportTime" Val="1667825357"/>
        <Attr Name="UsedIn" Val="synthesis"/>
        <Attr Name="UsedIn" Val="simulation"/>
      </FileInfo>
    </File>
    <File Path="$PSRCDIR/sources_1/imports/new/Moving_Colors.vhd">
      <FileInfo>
        <Attr Name="ImportPath" Val="$PPRDIR/../tache_1/tache_1.srcs/sources_1/new/Moving_Colors.vhd"/>
        <Attr Name="ImportTime" Val="1667825357"/>
        <Attr Name="UsedIn" Val="synthesis"/>
        <Attr Name="UsedIn" Val="simulation"/>
      </FileInfo>
    </File>
    <File Path="$PSRCDIR/sources_1/imports/Sources_Debut_TP_2021/VHDL/SPI_If.vhd">
      <FileInfo>
        <Attr Name="ImportPath" Val="$PPRDIR/../../Downloads/Sources_Debut_TP_2021/VHDL/SPI_If.vhd"/>
        <Attr Name="ImportTime" Val="1423494278"/>
        <Attr Name="UsedIn" Val="synthesis"/>
        <Attr Name="UsedIn" Val="simulation"/>
      </FileInfo>
    </File>
    <File Path="$PSRCDIR/sources_1/imports/Desktop/clk25MHz.vhd">
      <FileInfo>
        <Attr Name="ImportPath" Val="$PPRDIR/../clk25MHz.vhd"/>
        <Attr Name="ImportTime" Val="1665411518"/>
        <Attr Name="UsedIn" Val="synthesis"/>
        <Attr Name="UsedIn" Val="simulation"/>
      </FileInfo>
    </File>
    <File Path="$PSRCDIR/sources_1/imports/VHDL/VGA_4bits.vhd">
      <FileInfo>
        <Attr Name="ImportPath" Val="$PPRDIR/../tache_1/tache_1.srcs/sources_1/imports/VHDL/VGA_4bits.vhd"/>
        <Attr Name="ImportTime" Val="1667825357"/>
        <Attr Name="UsedIn" Val="synthesis"/>
        <Attr Name="UsedIn" Val="simulation"/>
      </FileInfo>
    </File>
    <File Path="$PSRCDIR/sources_1/imports/Sources_Debut_TP_2021/VHDL/pong_package.vhd">
      <FileInfo>
        <Attr Name="ImportPath" Val="$PPRDIR/../../Downloads/Sources_Debut_TP_2021/VHDL/pong_package.vhd"/>
        <Attr Name="ImportTime" Val="1360941646"/>
        <Attr Name="UsedIn" Val="synthesis"/>
        <Attr Name="UsedIn" Val="simulation"/>
      </FileInfo>
    </File>
    <File Path="$PSRCDIR/sources_1/imports/Sources_Debut_TP_2021/VHDL/switch_mgr.vhd">
      <FileInfo>
        <Attr Name="ImportPath" Val="$PPRDIR/../../Downloads/Sources_Debut_TP_2021/VHDL/switch_mgr.vhd"/>
        <Attr Name="ImportTime" Val="1470413884"/>
        <Attr Name="UsedIn" Val="synthesis"/>
        <Attr Name="UsedIn" Val="simulation"/>
      </FileInfo>
    </File>
    <File Path="$PSRCDIR/sources_1/imports/Sources_Debut_TP_2021/VHDL/button_mgr.vhd">
      <FileInfo>
        <Attr Name="ImportPath" Val="$PPRDIR/../../Downloads/Sources_Debut_TP_2021/VHDL/button_mgr.vhd"/>
        <Attr Name="ImportTime" Val="1365458500"/>
        <Attr Name="UsedIn" Val="synthesis"/>
        <Attr Name="UsedIn" Val="simulation"/>
      </FileInfo>
    </File>
    <File Path="$PSRCDIR/sources_1/imports/Sources_Debut_TP_2021/VHDL/aff_mgr_basys.vhd">
      <FileInfo>
        <Attr Name="ImportPath" Val="$PPRDIR/../../Downloads/Sources_Debut_TP_2021/VHDL/aff_mgr_basys.vhd"/>
        <Attr Name="ImportTime" Val="1623664310"/>
        <Attr Name="UsedIn" Val="synthesis"/>
        <Attr Name="UsedIn" Val="simulation"/>
      </FileInfo>
    </File>
    <File Path="$PSRCDIR/sources_1/imports/Sources_Debut_TP_2021/VHDL/rotary.vhd">
      <FileInfo>
        <Attr Name="ImportPath" Val="$PPRDIR/../../Downloads/Sources_Debut_TP_2021/VHDL/rotary.vhd"/>
        <Attr Name="ImportTime" Val="1470418178"/>
        <Attr Name="UsedIn" Val="synthesis"/>
        <Attr Name="UsedIn" Val="simulation"/>
      </FileInfo>
    </File>
    <File Path="$PSRCDIR/sources_1/new/move.vhd">
      <FileInfo>
        <Attr Name="UsedIn" Val="synthesis"/>
        <Attr Name="UsedIn" Val="simulation"/>
      </FileInfo>
    </File>
    <File Path="$PSRCDIR/sources_1/imports/Sources_Debut_TP_2021/VHDL/ip_rotary.vhd">
      <FileInfo>
        <Attr Name="ImportPath" Val="$PPRDIR/../../Downloads/Sources_Debut_TP_2021/VHDL/ip_rotary.vhd"/>
        <Attr Name="ImportTime" Val="1481269358"/>
        <Attr Name="UsedIn" Val="synthesis"/>
        <Attr Name="UsedIn" Val="simulation"/>
      </FileInfo>
    </File>
    <File Path="$PSRCDIR/sources_1/imports/Sources_Debut_TP_2021/VHDL/accelero_mgr.vhd">
      <FileInfo>
        <Attr Name="ImportPath" Val="$PPRDIR/../../Downloads/Sources_Debut_TP_2021/VHDL/accelero_mgr.vhd"/>
        <Attr Name="ImportTime" Val="1470234072"/>
        <Attr Name="UsedIn" Val="synthesis"/>
        <Attr Name="UsedIn" Val="simulation"/>
      </FileInfo>
    </File>
    <File Path="$PSRCDIR/sources_1/imports/Sources_Debut_TP_2021/VHDL/decor.vhd">
      <FileInfo>
        <Attr Name="ImportPath" Val="$PPRDIR/../../Downloads/Sources_Debut_TP_2021/VHDL/decor.vhd"/>
        <Attr Name="ImportTime" Val="1603701456"/>
        <Attr Name="UsedIn" Val="synthesis"/>
        <Attr Name="UsedIn" Val="simulation"/>
      </FileInfo>
    </File>
    <File Path="$PSRCDIR/sources_1/imports/Sources_Debut_TP_2021/VHDL/pad.vhd">
      <FileInfo>
        <Attr Name="ImportPath" Val="$PPRDIR/../../Downloads/Sources_Debut_TP_2021/VHDL/pad.vhd"/>
        <Attr Name="ImportTime" Val="1470415498"/>
        <Attr Name="UsedIn" Val="synthesis"/>
        <Attr Name="UsedIn" Val="simulation"/>
      </FileInfo>
    </File>
    <File Path="$PSRCDIR/sources_1/imports/Sources_Debut_TP_2021/VHDL/bounce.vhd">
      <FileInfo>
        <Attr Name="ImportPath" Val="$PPRDIR/../../Downloads/Sources_Debut_TP_2021/VHDL/bounce.vhd"/>
        <Attr Name="ImportTime" Val="1365510886"/>
        <Attr Name="UsedIn" Val="synthesis"/>
        <Attr Name="UsedIn" Val="simulation"/>
      </FileInfo>
    </File>
    <File Path="$PSRCDIR/sources_1/imports/Sources_Debut_TP_2021/VHDL/ball.vhd">
      <FileInfo>
        <Attr Name="ImportPath" Val="$PPRDIR/../../Downloads/Sources_Debut_TP_2021/VHDL/ball.vhd"/>
        <Attr Name="ImportTime" Val="1603383712"/>
        <Attr Name="UsedIn" Val="synthesis"/>
        <Attr Name="UsedIn" Val="simulation"/>
      </FileInfo>
    </File>
    <File Path="$PSRCDIR/sources_1/imports/Sources_Debut_TP_2021/VHDL/brick.vhd">
      <FileInfo>
        <Attr Name="ImportPath" Val="$PPRDIR/../../Downloads/Sources_Debut_TP_2021/VHDL/brick.vhd"/>
        <Attr Name="ImportTime" Val="1470162854"/>
        <Attr Name="UsedIn" Val="synthesis"/>
        <Attr Name="UsedIn" Val="simulation"/>
      </FileInfo>
    </File>
    <File Path="$PSRCDIR/sources_1/imports/Sources_Debut_TP_2021/VHDL/objects.vhd">
      <FileInfo>
        <Attr Name="ImportPath" Val="$PPRDIR/../../Downloads/Sources_Debut_TP_2021/VHDL/objects.vhd"/>
        <Attr Name="ImportTime" Val="1470415500"/>
        <Attr Name="UsedIn" Val="synthesis"/>
        <Attr Name="UsedIn" Val="simulation"/>
      </FileInfo>
    </File>
    <File Path="$PSRCDIR/sources_1/imports/Sources_Debut_TP_2021/VHDL/display.vhd">
      <FileInfo>
        <Attr Name="ImportPath" Val="$PPRDIR/../../Downloads/Sources_Debut_TP_2021/VHDL/display.vhd"/>
        <Attr Name="ImportTime" Val="1470157710"/>
        <Attr Name="UsedIn" Val="synthesis"/>
        <Attr Name="UsedIn" Val="simulation"/>
      </FileInfo>
    </File>
    <File Path="$PSRCDIR/sources_1/imports/Sources_Debut_TP_2021/VHDL/game_mgr.vhd">
      <FileInfo>
        <Attr Name="ImportPath" Val="$PPRDIR/../../Downloads/Sources_Debut_TP_2021/VHDL/game_mgr.vhd"/>
        <Attr Name="ImportTime" Val="1378295482"/>
        <Attr Name="UsedIn" Val="synthesis"/>
        <Attr Name="UsedIn" Val="simulation"/>
      </FileInfo>
    </File>
    <File Path="$PSRCDIR/sources_1/imports/Sources_Debut_TP_2021/VHDL/mas_sla_mgr.vhd">
      <FileInfo>
        <Attr Name="ImportPath" Val="$PPRDIR/../../Downloads/Sources_Debut_TP_2021/VHDL/mas_sla_mgr.vhd"/>
        <Attr Name="ImportTime" Val="1366206742"/>
        <Attr Name="UsedIn" Val="synthesis"/>
        <Attr Name="UsedIn" Val="simulation"/>
      </FileInfo>
    </File>
    <File Path="$PSRCDIR/sources_1/imports/Sources_Debut_TP_2021/VHDL/game.vhd">
      <FileInfo>
        <Attr Name="ImportPath" Val="$PPRDIR/../../Downloads/Sources_Debut_TP_2021/VHDL/game.vhd"/>
        <Attr Name="ImportTime" Val="1598293242"/>
        <Attr Name="UsedIn" Val="synthesis"/>
        <Attr Name="UsedIn" Val="simulation"/>
      </FileInfo>
    </File>
    <File Path="$PSRCDIR/sources_1/imports/Sources_Debut_TP_2021/VHDL/Top_Basys.vhd">
      <FileInfo>
        <Attr Name="ImportPath" Val="$PPRDIR/../../Downloads/Sources_Debut_TP_2021/VHDL/Top_Basys.vhd"/>
        <Attr Name="ImportTime" Val="1628261712"/>
        <Attr Name="UsedIn" Val="synthesis"/>
        <Attr Name="UsedIn" Val="simulation"/>
      </FileInfo>
    </File>
    <File Path="$PSRCDIR/sources_1/imports/Sources_Debut_TP_2021/TESTBENCH/tb_clkdiv.vhd">
      <FileInfo>
        <Attr Name="AutoDisabled" Val="1"/>
        <Attr Name="ImportPath" Val="$PPRDIR/../../Downloads/Sources_Debut_TP_2021/TESTBENCH/tb_clkdiv.vhd"/>
        <Attr Name="ImportTime" Val="1502820320"/>
        <Attr Name="UsedIn" Val="synthesis"/>
        <Attr Name="UsedIn" Val="simulation"/>
      </FileInfo>
    </File>
    <File Path="$PSRCDIR/sources_1/imports/Sources_Debut_TP_2021/VHDL/VGA.vhd">
      <FileInfo>
        <Attr Name="AutoDisabled" Val="1"/>
        <Attr Name="ImportPath" Val="$PPRDIR/../../Downloads/Sources_Debut_TP_2021/VHDL/VGA.vhd"/>
        <Attr Name="ImportTime" Val="1598273154"/>
        <Attr Name="UsedIn" Val="synthesis"/>
        <Attr Name="UsedIn" Val="simulation"/>
      </FileInfo>
    </File>
    <File Path="$PSRCDIR/sources_1/imports/Sources_Debut_TP_2021/TACHE_1/Top.vhd">
      <FileInfo>
        <Attr Name="AutoDisabled" Val="1"/>
        <Attr Name="ImportPath" Val="$PPRDIR/../../Downloads/Sources_Debut_TP_2021/TACHE_1/Top.vhd"/>
        <Attr Name="ImportTime" Val="1574867040"/>
        <Attr Name="UsedIn" Val="synthesis"/>
        <Attr Name="UsedIn" Val="simulation"/>
      </FileInfo>
    </File>
    <File Path="$PSRCDIR/sources_1/imports/Sources_Debut_TP_2021/VHDL/aff_mgr_nexys.vhd">
      <FileInfo>
        <Attr Name="AutoDisabled" Val="1"/>
        <Attr Name="ImportPath" Val="$PPRDIR/../../Downloads/Sources_Debut_TP_2021/VHDL/aff_mgr_nexys.vhd"/>
        <Attr Name="ImportTime" Val="1623662584"/>
        <Attr Name="UsedIn" Val="synthesis"/>
        <Attr Name="UsedIn" Val="simulation"/>
      </FileInfo>
    </File>
    <Config>
      <Option Name="DesignMode" Val="RTL"/>
      <Option Name="TopModule" Val="top_baxys"/>
    </Config>
  </FileSet>
  <FileSet Name="constrs_in" Type="Constrs" RelSrcDir="$PSRCDIR/constrs_1">
    <Filter Type="Constrs"/>
    <File Path="$PSRCDIR/constrs_1/imports/XDC/Console_Basys.xdc">
      <FileInfo>
        <Attr Name="ImportPath" Val="$PPRDIR/../../Downloads/Sources_Debut_TP_2021/XDC/Console_Basys.xdc"/>
        <Attr Name="ImportTime" Val="1623665020"/>
        <Attr Name="UsedIn" Val="synthesis"/>
        <Attr Name="UsedIn" Val="implementation"/>
      </FileInfo>
    </File>
    <Config>
      <Option Name="ConstrsType" Val="XDC"/>
    </Config>
  </FileSet>
  <FileSet Name="utils" Type="Utils" RelSrcDir="$PSRCDIR/utils_1">
    <Filter Type="Utils"/>
    <Config>
      <Option Name="TopAutoSet" Val="TRUE"/>
    </Config>
  </FileSet>
  <Strategy Version="1" Minor="2">
    <StratHandle Name="Vivado Synthesis Defaults" Flow="Vivado Synthesis 2020">
      <Desc>Vivado Synthesis Defaults</Desc>
    </StratHandle>
    <Step Id="synth_design"/>
  </Strategy>
</GenRun>
