<?xml version="1.0" encoding="UTF-8"?>
<GenRun Id="impl_1" LaunchPart="xc7a35tcpg236-1" LaunchTime="1666626363">
  <File Type="BITSTR-BMM" Name="top_baxys_bd.bmm"/>
  <File Type="OPT-METHODOLOGY-DRC" Name="top_baxys_methodology_drc_opted.rpt"/>
  <File Type="INIT-TIMING" Name="top_baxys_timing_summary_init.rpt"/>
  <File Type="ROUTE-PWR" Name="top_baxys_power_routed.rpt"/>
  <File Type="PA-TCL" Name="top_baxys.tcl"/>
  <File Type="OPT-TIMING" Name="top_baxys_timing_summary_opted.rpt"/>
  <File Type="OPT-DCP" Name="top_baxys_opt.dcp"/>
  <File Type="ROUTE-PWR-SUM" Name="top_baxys_power_summary_routed.pb"/>
  <File Type="REPORTS-TCL" Name="top_baxys_reports.tcl"/>
  <File Type="OPT-DRC" Name="top_baxys_drc_opted.rpt"/>
  <File Type="OPT-HWDEF" Name="top_baxys.hwdef"/>
  <File Type="PWROPT-DCP" Name="top_baxys_pwropt.dcp"/>
  <File Type="PWROPT-DRC" Name="top_baxys_drc_pwropted.rpt"/>
  <File Type="PWROPT-TIMING" Name="top_baxys_timing_summary_pwropted.rpt"/>
  <File Type="PLACE-DCP" Name="top_baxys_placed.dcp"/>
  <File Type="PLACE-IO" Name="top_baxys_io_placed.rpt"/>
  <File Type="PLACE-CLK" Name="top_baxys_clock_utilization_placed.rpt"/>
  <File Type="PLACE-UTIL" Name="top_baxys_utilization_placed.rpt"/>
  <File Type="PLACE-UTIL-PB" Name="top_baxys_utilization_placed.pb"/>
  <File Type="PLACE-CTRL" Name="top_baxys_control_sets_placed.rpt"/>
  <File Type="PLACE-SIMILARITY" Name="top_baxys_incremental_reuse_placed.rpt"/>
  <File Type="PLACE-PRE-SIMILARITY" Name="top_baxys_incremental_reuse_pre_placed.rpt"/>
  <File Type="PLACE-TIMING" Name="top_baxys_timing_summary_placed.rpt"/>
  <File Type="POSTPLACE-PWROPT-DCP" Name="top_baxys_postplace_pwropt.dcp"/>
  <File Type="BG-BIN" Name="top_baxys.bin"/>
  <File Type="POSTPLACE-PWROPT-TIMING" Name="top_baxys_timing_summary_postplace_pwropted.rpt"/>
  <File Type="PHYSOPT-DCP" Name="top_baxys_physopt.dcp"/>
  <File Type="PHYSOPT-DRC" Name="top_baxys_drc_physopted.rpt"/>
  <File Type="BITSTR-MSK" Name="top_baxys.msk"/>
  <File Type="PHYSOPT-TIMING" Name="top_baxys_timing_summary_physopted.rpt"/>
  <File Type="ROUTE-ERROR-DCP" Name="top_baxys_routed_error.dcp"/>
  <File Type="ROUTE-DCP" Name="top_baxys_routed.dcp"/>
  <File Type="ROUTE-BLACKBOX-DCP" Name="top_baxys_routed_bb.dcp"/>
  <File Type="ROUTE-DRC" Name="top_baxys_drc_routed.rpt"/>
  <File Type="ROUTE-DRC-PB" Name="top_baxys_drc_routed.pb"/>
  <File Type="ROUTE-DRC-RPX" Name="top_baxys_drc_routed.rpx"/>
  <File Type="BITSTR-MMI" Name="top_baxys.mmi"/>
  <File Type="ROUTE-METHODOLOGY-DRC" Name="top_baxys_methodology_drc_routed.rpt"/>
  <File Type="ROUTE-METHODOLOGY-DRC-RPX" Name="top_baxys_methodology_drc_routed.rpx"/>
  <File Type="ROUTE-METHODOLOGY-DRC-PB" Name="top_baxys_methodology_drc_routed.pb"/>
  <File Type="ROUTE-PWR-RPX" Name="top_baxys_power_routed.rpx"/>
  <File Type="ROUTE-STATUS" Name="top_baxys_route_status.rpt"/>
  <File Type="ROUTE-STATUS-PB" Name="top_baxys_route_status.pb"/>
  <File Type="ROUTE-TIMINGSUMMARY" Name="top_baxys_timing_summary_routed.rpt"/>
  <File Type="ROUTE-TIMING-PB" Name="top_baxys_timing_summary_routed.pb"/>
  <File Type="ROUTE-TIMING-RPX" Name="top_baxys_timing_summary_routed.rpx"/>
  <File Type="ROUTE-SIMILARITY" Name="top_baxys_incremental_reuse_routed.rpt"/>
  <File Type="ROUTE-CLK" Name="top_baxys_clock_utilization_routed.rpt"/>
  <File Type="ROUTE-BUS-SKEW" Name="top_baxys_bus_skew_routed.rpt"/>
  <File Type="ROUTE-BUS-SKEW-PB" Name="top_baxys_bus_skew_routed.pb"/>
  <File Type="ROUTE-BUS-SKEW-RPX" Name="top_baxys_bus_skew_routed.rpx"/>
  <File Type="POSTROUTE-PHYSOPT-DCP" Name="top_baxys_postroute_physopt.dcp"/>
  <File Type="POSTROUTE-PHYSOPT-BLACKBOX-DCP" Name="top_baxys_postroute_physopt_bb.dcp"/>
  <File Type="POSTROUTE-PHYSOPT-TIMING" Name="top_baxys_timing_summary_postroute_physopted.rpt"/>
  <File Type="POSTROUTE-PHYSOPT-TIMING-PB" Name="top_baxys_timing_summary_postroute_physopted.pb"/>
  <File Type="POSTROUTE-PHYSOPT-TIMING-RPX" Name="top_baxys_timing_summary_postroute_physopted.rpx"/>
  <File Type="POSTROUTE-PHYSOPT-BUS-SKEW" Name="top_baxys_bus_skew_postroute_physopted.rpt"/>
  <File Type="POSTROUTE-PHYSOPT-BUS-SKEW-PB" Name="top_baxys_bus_skew_postroute_physopted.pb"/>
  <File Type="BG-BIT" Name="top_baxys.bit"/>
  <File Type="POSTROUTE-PHYSOPT-BUS-SKEW-RPX" Name="top_baxys_bus_skew_postroute_physopted.rpx"/>
  <File Type="BITSTR-RBT" Name="top_baxys.rbt"/>
  <File Type="BITSTR-NKY" Name="top_baxys.nky"/>
  <File Type="PDI-FILE" Name="top_baxys.pdi"/>
  <File Type="RCFI_FILE" Name="top_baxys.rcfi"/>
  <File Type="CFI_FILE" Name="top_baxys.cfi"/>
  <File Type="RNPI_FILE" Name="top_baxys.rnpi"/>
  <File Type="NPI_FILE" Name="top_baxys.npi"/>
  <File Type="RBD_FILE" Name="top_baxys.rbd"/>
  <File Type="BITSTR-LTX" Name="debug_nets.ltx"/>
  <File Type="BITSTR-LTX" Name="top_baxys.ltx"/>
  <File Type="BITSTR-SYSDEF" Name="top_baxys.sysdef"/>
  <File Type="BG-BGN" Name="top_baxys.bgn"/>
  <File Type="BG-DRC" Name="top_baxys.drc"/>
  <File Type="RDI-RDI" Name="top_baxys.vdi"/>
  <File Type="WBT-USG" Name="usage_statistics_webtalk.html"/>
  <FileSet Name="sources" Type="DesignSrcs" RelSrcDir="$PSRCDIR/sources_1" RelGenDir="$PGENDIR/sources_1">
    <Filter Type="Srcs"/>
    <File Path="$PSRCDIR/sources_1/imports/Sources_Debut_TP_2021/VHDL/ADXL362Ctrl.vhd">
      <FileInfo>
        <Attr Name="ImportPath" Val="$PPRDIR/../../Downloads/Sources_Debut_TP_2021/VHDL/ADXL362Ctrl.vhd"/>
        <Attr Name="ImportTime" Val="1470229156"/>
        <Attr Name="UsedIn" Val="synthesis"/>
        <Attr Name="UsedIn" Val="simulation"/>
      </FileInfo>
    </File>
    <File Path="$PSRCDIR/sources_1/imports/Sources_Debut_TP_2021/VHDL/ClkAcc.vhd">
      <FileInfo>
        <Attr Name="ImportPath" Val="$PPRDIR/../../Downloads/Sources_Debut_TP_2021/VHDL/ClkAcc.vhd"/>
        <Attr Name="ImportTime" Val="1481472530"/>
        <Attr Name="UsedIn" Val="synthesis"/>
        <Attr Name="UsedIn" Val="simulation"/>
      </FileInfo>
    </File>
    <File Path="$PPRDIR/../tache_1/tache_1.srcs/sources_1/new/MAE.vhd">
      <FileInfo>
        <Attr Name="UsedIn" Val="synthesis"/>
        <Attr Name="UsedIn" Val="simulation"/>
      </FileInfo>
    </File>
    <File Path="$PPRDIR/../tache_1/tache_1.srcs/sources_1/new/clk20hz.vhd">
      <FileInfo>
        <Attr Name="UsedIn" Val="synthesis"/>
        <Attr Name="UsedIn" Val="simulation"/>
      </FileInfo>
    </File>
    <File Path="$PPRDIR/../tache_1/tache_1.srcs/sources_1/new/compteur_5b.vhd">
      <FileInfo>
        <Attr Name="UsedIn" Val="synthesis"/>
        <Attr Name="UsedIn" Val="simulation"/>
      </FileInfo>
    </File>
    <File Path="$PPRDIR/../tache_1/tache_1.srcs/sources_1/new/Moving_Colors.vhd">
      <FileInfo>
        <Attr Name="UsedIn" Val="synthesis"/>
        <Attr Name="UsedIn" Val="simulation"/>
      </FileInfo>
    </File>
    <File Path="$PSRCDIR/sources_1/imports/Sources_Debut_TP_2021/VHDL/SPI_If.vhd">
      <FileInfo>
        <Attr Name="ImportPath" Val="$PPRDIR/../../Downloads/Sources_Debut_TP_2021/VHDL/SPI_If.vhd"/>
        <Attr Name="ImportTime" Val="1423494278"/>
        <Attr Name="UsedIn" Val="synthesis"/>
        <Attr Name="UsedIn" Val="simulation"/>
      </FileInfo>
    </File>
    <File Path="$PSRCDIR/sources_1/imports/Desktop/clk25MHz.vhd">
      <FileInfo>
        <Attr Name="ImportPath" Val="$PPRDIR/../clk25MHz.vhd"/>
        <Attr Name="ImportTime" Val="1665411518"/>
        <Attr Name="UsedIn" Val="synthesis"/>
        <Attr Name="UsedIn" Val="simulation"/>
      </FileInfo>
    </File>
    <File Path="$PPRDIR/../tache_1/tache_1.srcs/sources_1/imports/VHDL/VGA_4bits.vhd">
      <FileInfo>
        <Attr Name="UsedIn" Val="synthesis"/>
        <Attr Name="UsedIn" Val="simulation"/>
      </FileInfo>
    </File>
    <File Path="$PSRCDIR/sources_1/imports/Sources_Debut_TP_2021/VHDL/pong_package.vhd">
      <FileInfo>
        <Attr Name="ImportPath" Val="$PPRDIR/../../Downloads/Sources_Debut_TP_2021/VHDL/pong_package.vhd"/>
        <Attr Name="ImportTime" Val="1360941646"/>
        <Attr Name="UsedIn" Val="synthesis"/>
        <Attr Name="UsedIn" Val="simulation"/>
      </FileInfo>
    </File>
    <File Path="$PSRCDIR/sources_1/imports/Sources_Debut_TP_2021/VHDL/switch_mgr.vhd">
      <FileInfo>
        <Attr Name="ImportPath" Val="$PPRDIR/../../Downloads/Sources_Debut_TP_2021/VHDL/switch_mgr.vhd"/>
        <Attr Name="ImportTime" Val="1470413884"/>
        <Attr Name="UsedIn" Val="synthesis"/>
        <Attr Name="UsedIn" Val="simulation"/>
      </FileInfo>
    </File>
    <File Path="$PSRCDIR/sources_1/imports/Sources_Debut_TP_2021/VHDL/button_mgr.vhd">
      <FileInfo>
        <Attr Name="ImportPath" Val="$PPRDIR/../../Downloads/Sources_Debut_TP_2021/VHDL/button_mgr.vhd"/>
        <Attr Name="ImportTime" Val="1365458500"/>
        <Attr Name="UsedIn" Val="synthesis"/>
        <Attr Name="UsedIn" Val="simulation"/>
      </FileInfo>
    </File>
    <File Path="$PSRCDIR/sources_1/imports/Sources_Debut_TP_2021/VHDL/aff_mgr_basys.vhd">
      <FileInfo>
        <Attr Name="ImportPath" Val="$PPRDIR/../../Downloads/Sources_Debut_TP_2021/VHDL/aff_mgr_basys.vhd"/>
        <Attr Name="ImportTime" Val="1623664310"/>
        <Attr Name="UsedIn" Val="synthesis"/>
        <Attr Name="UsedIn" Val="simulation"/>
      </FileInfo>
    </File>
    <File Path="$PSRCDIR/sources_1/imports/Sources_Debut_TP_2021/VHDL/rotary.vhd">
      <FileInfo>
        <Attr Name="ImportPath" Val="$PPRDIR/../../Downloads/Sources_Debut_TP_2021/VHDL/rotary.vhd"/>
        <Attr Name="ImportTime" Val="1470418178"/>
        <Attr Name="UsedIn" Val="synthesis"/>
        <Attr Name="UsedIn" Val="simulation"/>
      </FileInfo>
    </File>
    <File Path="$PSRCDIR/sources_1/imports/Sources_Debut_TP_2021/VHDL/ip_rotary.vhd">
      <FileInfo>
        <Attr Name="ImportPath" Val="$PPRDIR/../../Downloads/Sources_Debut_TP_2021/VHDL/ip_rotary.vhd"/>
        <Attr Name="ImportTime" Val="1481269358"/>
        <Attr Name="UsedIn" Val="synthesis"/>
        <Attr Name="UsedIn" Val="simulation"/>
      </FileInfo>
    </File>
    <File Path="$PSRCDIR/sources_1/imports/Sources_Debut_TP_2021/VHDL/accelero_mgr.vhd">
      <FileInfo>
        <Attr Name="ImportPath" Val="$PPRDIR/../../Downloads/Sources_Debut_TP_2021/VHDL/accelero_mgr.vhd"/>
        <Attr Name="ImportTime" Val="1470234072"/>
        <Attr Name="UsedIn" Val="synthesis"/>
        <Attr Name="UsedIn" Val="simulation"/>
      </FileInfo>
    </File>
    <File Path="$PSRCDIR/sources_1/imports/Sources_Debut_TP_2021/VHDL/decor.vhd">
      <FileInfo>
        <Attr Name="ImportPath" Val="$PPRDIR/../../Downloads/Sources_Debut_TP_2021/VHDL/decor.vhd"/>
        <Attr Name="ImportTime" Val="1603701456"/>
        <Attr Name="UsedIn" Val="synthesis"/>
        <Attr Name="UsedIn" Val="simulation"/>
      </FileInfo>
    </File>
    <File Path="$PSRCDIR/sources_1/imports/Sources_Debut_TP_2021/VHDL/pad.vhd">
      <FileInfo>
        <Attr Name="ImportPath" Val="$PPRDIR/../../Downloads/Sources_Debut_TP_2021/VHDL/pad.vhd"/>
        <Attr Name="ImportTime" Val="1470415498"/>
        <Attr Name="UsedIn" Val="synthesis"/>
        <Attr Name="UsedIn" Val="simulation"/>
      </FileInfo>
    </File>
    <File Path="$PSRCDIR/sources_1/imports/Sources_Debut_TP_2021/VHDL/bounce.vhd">
      <FileInfo>
        <Attr Name="ImportPath" Val="$PPRDIR/../../Downloads/Sources_Debut_TP_2021/VHDL/bounce.vhd"/>
        <Attr Name="ImportTime" Val="1365510886"/>
        <Attr Name="UsedIn" Val="synthesis"/>
        <Attr Name="UsedIn" Val="simulation"/>
      </FileInfo>
    </File>
    <File Path="$PSRCDIR/sources_1/imports/Sources_Debut_TP_2021/VHDL/ball.vhd">
      <FileInfo>
        <Attr Name="ImportPath" Val="$PPRDIR/../../Downloads/Sources_Debut_TP_2021/VHDL/ball.vhd"/>
        <Attr Name="ImportTime" Val="1603383712"/>
        <Attr Name="UsedIn" Val="synthesis"/>
        <Attr Name="UsedIn" Val="simulation"/>
      </FileInfo>
    </File>
    <File Path="$PSRCDIR/sources_1/imports/Sources_Debut_TP_2021/VHDL/brick.vhd">
      <FileInfo>
        <Attr Name="ImportPath" Val="$PPRDIR/../../Downloads/Sources_Debut_TP_2021/VHDL/brick.vhd"/>
        <Attr Name="ImportTime" Val="1470162854"/>
        <Attr Name="UsedIn" Val="synthesis"/>
        <Attr Name="UsedIn" Val="simulation"/>
      </FileInfo>
    </File>
    <File Path="$PSRCDIR/sources_1/imports/Sources_Debut_TP_2021/VHDL/objects.vhd">
      <FileInfo>
        <Attr Name="ImportPath" Val="$PPRDIR/../../Downloads/Sources_Debut_TP_2021/VHDL/objects.vhd"/>
        <Attr Name="ImportTime" Val="1470415500"/>
        <Attr Name="UsedIn" Val="synthesis"/>
        <Attr Name="UsedIn" Val="simulation"/>
      </FileInfo>
    </File>
    <File Path="$PSRCDIR/sources_1/imports/Sources_Debut_TP_2021/VHDL/display.vhd">
      <FileInfo>
        <Attr Name="ImportPath" Val="$PPRDIR/../../Downloads/Sources_Debut_TP_2021/VHDL/display.vhd"/>
        <Attr Name="ImportTime" Val="1470157710"/>
        <Attr Name="UsedIn" Val="synthesis"/>
        <Attr Name="UsedIn" Val="simulation"/>
      </FileInfo>
    </File>
    <File Path="$PSRCDIR/sources_1/imports/Sources_Debut_TP_2021/VHDL/game_mgr.vhd">
      <FileInfo>
        <Attr Name="ImportPath" Val="$PPRDIR/../../Downloads/Sources_Debut_TP_2021/VHDL/game_mgr.vhd"/>
        <Attr Name="ImportTime" Val="1378295482"/>
        <Attr Name="UsedIn" Val="synthesis"/>
        <Attr Name="UsedIn" Val="simulation"/>
      </FileInfo>
    </File>
    <File Path="$PSRCDIR/sources_1/imports/Sources_Debut_TP_2021/VHDL/mas_sla_mgr.vhd">
      <FileInfo>
        <Attr Name="ImportPath" Val="$PPRDIR/../../Downloads/Sources_Debut_TP_2021/VHDL/mas_sla_mgr.vhd"/>
        <Attr Name="ImportTime" Val="1366206742"/>
        <Attr Name="UsedIn" Val="synthesis"/>
        <Attr Name="UsedIn" Val="simulation"/>
      </FileInfo>
    </File>
    <File Path="$PSRCDIR/sources_1/imports/Sources_Debut_TP_2021/VHDL/game.vhd">
      <FileInfo>
        <Attr Name="ImportPath" Val="$PPRDIR/../../Downloads/Sources_Debut_TP_2021/VHDL/game.vhd"/>
        <Attr Name="ImportTime" Val="1598293242"/>
        <Attr Name="UsedIn" Val="synthesis"/>
        <Attr Name="UsedIn" Val="simulation"/>
      </FileInfo>
    </File>
    <File Path="$PSRCDIR/sources_1/imports/Sources_Debut_TP_2021/VHDL/Top_Basys.vhd">
      <FileInfo>
        <Attr Name="ImportPath" Val="$PPRDIR/../../Downloads/Sources_Debut_TP_2021/VHDL/Top_Basys.vhd"/>
        <Attr Name="ImportTime" Val="1628261712"/>
        <Attr Name="UsedIn" Val="synthesis"/>
        <Attr Name="UsedIn" Val="simulation"/>
      </FileInfo>
    </File>
    <File Path="$PSRCDIR/sources_1/imports/Sources_Debut_TP_2021/VHDL/VGA.vhd">
      <FileInfo>
        <Attr Name="AutoDisabled" Val="1"/>
        <Attr Name="ImportPath" Val="$PPRDIR/../../Downloads/Sources_Debut_TP_2021/VHDL/VGA.vhd"/>
        <Attr Name="ImportTime" Val="1598273154"/>
        <Attr Name="UsedIn" Val="synthesis"/>
        <Attr Name="UsedIn" Val="simulation"/>
      </FileInfo>
    </File>
    <File Path="$PSRCDIR/sources_1/imports/Sources_Debut_TP_2021/TACHE_1/Top.vhd">
      <FileInfo>
        <Attr Name="AutoDisabled" Val="1"/>
        <Attr Name="ImportPath" Val="$PPRDIR/../../Downloads/Sources_Debut_TP_2021/TACHE_1/Top.vhd"/>
        <Attr Name="ImportTime" Val="1574867040"/>
        <Attr Name="UsedIn" Val="synthesis"/>
        <Attr Name="UsedIn" Val="simulation"/>
      </FileInfo>
    </File>
    <File Path="$PSRCDIR/sources_1/imports/Sources_Debut_TP_2021/VHDL/aff_mgr_nexys.vhd">
      <FileInfo>
        <Attr Name="AutoDisabled" Val="1"/>
        <Attr Name="ImportPath" Val="$PPRDIR/../../Downloads/Sources_Debut_TP_2021/VHDL/aff_mgr_nexys.vhd"/>
        <Attr Name="ImportTime" Val="1623662584"/>
        <Attr Name="UsedIn" Val="synthesis"/>
        <Attr Name="UsedIn" Val="simulation"/>
      </FileInfo>
    </File>
    <File Path="$PSRCDIR/sources_1/imports/Sources_Debut_TP_2021/TESTBENCH/tb_clkdiv.vhd">
      <FileInfo>
        <Attr Name="AutoDisabled" Val="1"/>
        <Attr Name="ImportPath" Val="$PPRDIR/../../Downloads/Sources_Debut_TP_2021/TESTBENCH/tb_clkdiv.vhd"/>
        <Attr Name="ImportTime" Val="1502820320"/>
        <Attr Name="UsedIn" Val="synthesis"/>
        <Attr Name="UsedIn" Val="simulation"/>
      </FileInfo>
    </File>
    <Config>
      <Option Name="DesignMode" Val="RTL"/>
      <Option Name="TopModule" Val="top_baxys"/>
      <Option Name="TopAutoSet" Val="TRUE"/>
    </Config>
  </FileSet>
  <FileSet Name="constrs_in" Type="Constrs" RelSrcDir="$PSRCDIR/constrs_1">
    <Filter Type="Constrs"/>
    <File Path="$PSRCDIR/constrs_1/imports/XDC/Console_Basys.xdc">
      <FileInfo>
        <Attr Name="ImportPath" Val="$PPRDIR/../../Downloads/Sources_Debut_TP_2021/XDC/Console_Basys.xdc"/>
        <Attr Name="ImportTime" Val="1623665020"/>
        <Attr Name="UsedIn" Val="synthesis"/>
        <Attr Name="UsedIn" Val="implementation"/>
      </FileInfo>
    </File>
    <Config>
      <Option Name="ConstrsType" Val="XDC"/>
    </Config>
  </FileSet>
  <FileSet Name="utils" Type="Utils" RelSrcDir="$PSRCDIR/utils_1">
    <Filter Type="Utils"/>
    <Config>
      <Option Name="TopAutoSet" Val="TRUE"/>
    </Config>
  </FileSet>
  <Strategy Version="1" Minor="2">
    <StratHandle Name="Vivado Implementation Defaults" Flow="Vivado Implementation 2020"/>
    <Step Id="init_design"/>
    <Step Id="opt_design"/>
    <Step Id="power_opt_design"/>
    <Step Id="place_design"/>
    <Step Id="post_place_power_opt_design"/>
    <Step Id="phys_opt_design"/>
    <Step Id="route_design"/>
    <Step Id="post_route_phys_opt_design"/>
    <Step Id="write_bitstream"/>
  </Strategy>
</GenRun>
