<?xml version="1.0" encoding="UTF-8"?>
<GenRun Id="synth_1" LaunchPart="xc7a35tcpg236-1" LaunchTime="1665414292">
  <File Type="PA-TCL" Name="Top.tcl"/>
  <File Type="RDS-PROPCONSTRS" Name="Top_drc_synth.rpt"/>
  <File Type="REPORTS-TCL" Name="Top_reports.tcl"/>
  <File Type="RDS-RDS" Name="Top.vds"/>
  <File Type="RDS-UTIL" Name="Top_utilization_synth.rpt"/>
  <File Type="RDS-UTIL-PB" Name="Top_utilization_synth.pb"/>
  <File Type="RDS-DCP" Name="Top.dcp"/>
  <File Type="VDS-TIMINGSUMMARY" Name="Top_timing_summary_synth.rpt"/>
  <File Type="VDS-TIMING-PB" Name="Top_timing_summary_synth.pb"/>
  <FileSet Name="sources" Type="DesignSrcs" RelSrcDir="$PSRCDIR/sources_1" RelGenDir="$PGENDIR/sources_1">
    <Filter Type="Srcs"/>
    <File Path="$PSRCDIR/sources_1/imports/Desktop/clk25MHz.vhd">
      <FileInfo>
        <Attr Name="ImportPath" Val="$PPRDIR/../project/project.srcs/sources_1/imports/Desktop/clk25MHz.vhd"/>
        <Attr Name="ImportTime" Val="1665412090"/>
        <Attr Name="UsedIn" Val="synthesis"/>
        <Attr Name="UsedIn" Val="simulation"/>
      </FileInfo>
    </File>
    <File Path="$PSRCDIR/sources_1/imports/VHDL/VGA_4bits.vhd">
      <FileInfo>
        <Attr Name="ImportPath" Val="$PPRDIR/../../Downloads/Sources_Debut_TP_2021/VHDL/VGA_4bits.vhd"/>
        <Attr Name="ImportTime" Val="1598273154"/>
        <Attr Name="UsedIn" Val="synthesis"/>
        <Attr Name="UsedIn" Val="simulation"/>
      </FileInfo>
    </File>
    <File Path="$PSRCDIR/sources_1/imports/Sources_Debut_TP_2021/TACHE_1/Top.vhd">
      <FileInfo>
        <Attr Name="ImportPath" Val="$PPRDIR/../../Downloads/Sources_Debut_TP_2021/TACHE_1/Top.vhd"/>
        <Attr Name="ImportTime" Val="1574867040"/>
        <Attr Name="UsedIn" Val="synthesis"/>
        <Attr Name="UsedIn" Val="simulation"/>
      </FileInfo>
    </File>
    <Config>
      <Option Name="DesignMode" Val="RTL"/>
      <Option Name="TopModule" Val="Top"/>
      <Option Name="TopAutoSet" Val="TRUE"/>
    </Config>
  </FileSet>
  <FileSet Name="constrs_in" Type="Constrs" RelSrcDir="$PSRCDIR/constrs_1">
    <Filter Type="Constrs"/>
    <File Path="$PSRCDIR/constrs_1/imports/TACHE_1/Tache1_Basys.xdc">
      <FileInfo>
        <Attr Name="ImportPath" Val="$PPRDIR/../../Downloads/Sources_Debut_TP_2021/TACHE_1/Tache1_Basys.xdc"/>
        <Attr Name="ImportTime" Val="1635442964"/>
        <Attr Name="UsedIn" Val="synthesis"/>
        <Attr Name="UsedIn" Val="implementation"/>
      </FileInfo>
    </File>
    <Config>
      <Option Name="ConstrsType" Val="XDC"/>
    </Config>
  </FileSet>
  <FileSet Name="utils" Type="Utils" RelSrcDir="$PSRCDIR/utils_1">
    <Filter Type="Utils"/>
    <Config>
      <Option Name="TopAutoSet" Val="TRUE"/>
    </Config>
  </FileSet>
  <Strategy Version="1" Minor="2">
    <StratHandle Name="Vivado Synthesis Defaults" Flow="Vivado Synthesis 2020">
      <Desc>Vivado Synthesis Defaults</Desc>
    </StratHandle>
    <Step Id="synth_design"/>
  </Strategy>
</GenRun>
